{"interfaceLanguages":{"swift":[{"children":[{"title":"Classes","type":"groupMarker"},{"children":[{"title":"Initializers","type":"groupMarker"},{"path":"\/documentation\/appcraft_auth_ios\/appleauthservice\/init(scopes:)","title":"init(scopes: [ASAuthorization.Scope])","type":"init"},{"title":"Instance Methods","type":"groupMarker"},{"path":"\/documentation\/appcraft_auth_ios\/appleauthservice\/login(handler:)","title":"func logIn(handler: AppleAuthenticationHandler)","type":"method"},{"path":"\/documentation\/appcraft_auth_ios\/appleauthservice\/performrequest(_:handler:)","title":"func performRequest(ASAuthorizationAppleIDRequest, handler: AppleAuthenticationHandler)","type":"method"},{"path":"\/documentation\/appcraft_auth_ios\/appleauthservice\/preparerequest(scopes:nonce:)","title":"func prepareRequest(scopes: [ASAuthorization.Scope], nonce: String) -> ASAuthorizationAppleIDRequest","type":"method"},{"title":"Default Implementations","type":"groupMarker"},{"children":[{"title":"Instance Methods","type":"groupMarker"},{"path":"\/documentation\/appcraft_auth_ios\/appleauthservice\/authorizationcontroller(controller:didcompletewithauthorization:)","title":"func authorizationController(controller: ASAuthorizationController, didCompleteWithAuthorization: ASAuthorization)","type":"method"},{"path":"\/documentation\/appcraft_auth_ios\/appleauthservice\/authorizationcontroller(controller:didcompletewitherror:)","title":"func authorizationController(controller: ASAuthorizationController, didCompleteWithError: Error)","type":"method"}],"path":"\/documentation\/appcraft_auth_ios\/appleauthservice\/asauthorizationcontrollerdelegate-implementations","title":"ASAuthorizationControllerDelegate Implementations","type":"symbol"}],"path":"\/documentation\/appcraft_auth_ios\/appleauthservice","title":"AppleAuthService","type":"class"},{"children":[{"title":"Initializers","type":"groupMarker"},{"path":"\/documentation\/appcraft_auth_ios\/firappleauthprovider\/init(scopes:)","title":"init(scopes: [ASAuthorization.Scope])","type":"init"},{"path":"\/documentation\/appcraft_auth_ios\/firappleauthprovider\/init(service:)","title":"init(service: AppleAuthServiceInterface)","type":"init"},{"title":"Instance Methods","type":"groupMarker"},{"path":"\/documentation\/appcraft_auth_ios\/firappleauthprovider\/login(handler:)","title":"func logIn(handler: FIRAuthCallback)","type":"method"},{"title":"Default Implementations","type":"groupMarker"},{"children":[{"title":"Type Methods","type":"groupMarker"},{"path":"\/documentation\/appcraft_auth_ios\/firappleauthprovider\/apple(scopes:)","title":"static func apple(scopes: [ASAuthorization.Scope]) -> FIRAuthPerformer","type":"method"}],"path":"\/documentation\/appcraft_auth_ios\/firappleauthprovider\/firauthperformer-implementations","title":"FIRAuthPerformer Implementations","type":"symbol"}],"path":"\/documentation\/appcraft_auth_ios\/firappleauthprovider","title":"FIRAppleAuthProvider","type":"class"},{"children":[{"title":"Initializers","type":"groupMarker"},{"path":"\/documentation\/appcraft_auth_ios\/firauth\/init(provider:)","title":"init(provider: FIRAuthPerformer)","type":"init"},{"title":"Instance Methods","type":"groupMarker"},{"path":"\/documentation\/appcraft_auth_ios\/firauth\/login(handler:)","title":"func logIn(handler: FIRAuthCallback)","type":"method"},{"path":"\/documentation\/appcraft_auth_ios\/firauth\/login(provider:handler:)-swift.method","title":"func logIn(provider: FIRAuthPerformer, handler: FIRAuthCallback)","type":"method"},{"title":"Type Methods","type":"groupMarker"},{"path":"\/documentation\/appcraft_auth_ios\/firauth\/login(provider:handler:)-swift.type.method","title":"static func logIn(provider: FIRAuthPerformer, handler: FIRAuthCallback)","type":"method"}],"path":"\/documentation\/appcraft_auth_ios\/firauth","title":"FIRAuth","type":"class"},{"children":[{"title":"Instance Methods","type":"groupMarker"},{"path":"\/documentation\/appcraft_auth_ios\/firauthprovider\/link(with:handler:)","title":"func link(with: AuthCredential, handler: ((AuthDataResult?, Error?) -> Void)?)","type":"method"},{"path":"\/documentation\/appcraft_auth_ios\/firauthprovider\/signin(with:handler:)","title":"func signIn(with: AuthCredential, handler: FIRAuthCallback)","type":"method"},{"path":"\/documentation\/appcraft_auth_ios\/firauthprovider\/signout()","title":"func signOut() throws","type":"method"},{"path":"\/documentation\/appcraft_auth_ios\/firauthprovider\/unlink(fromprovider:completion:)","title":"func unlink(fromProvider: String, completion: ((User?, Error?) -> Void)?)","type":"method"}],"path":"\/documentation\/appcraft_auth_ios\/firauthprovider","title":"FIRAuthProvider","type":"class"},{"children":[{"title":"Initializers","type":"groupMarker"},{"path":"\/documentation\/appcraft_auth_ios\/firauthremoteperformer\/init(provider:)","title":"init(provider: FIRRemoteAuthProvider)","type":"init"},{"path":"\/documentation\/appcraft_auth_ios\/firauthremoteperformer\/init(provider:executor:)","title":"init(provider: FIRRemoteAuthProvider, executor: RequestExecutor)","type":"init"},{"title":"Instance Properties","type":"groupMarker"},{"path":"\/documentation\/appcraft_auth_ios\/firauthremoteperformer\/provider","title":"var provider: FIRRemoteAuthProvider","type":"property"},{"title":"Instance Methods","type":"groupMarker"},{"path":"\/documentation\/appcraft_auth_ios\/firauthremoteperformer\/auth(data:handler:)","title":"func auth(data: AuthDataResult, handler: (Result<JWTToken, ACAuthError>) -> Void)","type":"method"},{"path":"\/documentation\/appcraft_auth_ios\/firauthremoteperformer\/auth(data:responsetype:handler:)","title":"func auth<R>(data: AuthDataResult, responseType: R.Type, handler: (Result<R, ACAuthError>) -> Void)","type":"method"},{"path":"\/documentation\/appcraft_auth_ios\/firauthremoteperformer\/auth(with:handler:)","title":"func auth(with: FIRAuthPerformer, handler: (Result<JWTToken, ACAuthError>) -> Void)","type":"method"},{"path":"\/documentation\/appcraft_auth_ios\/firauthremoteperformer\/auth(with:responsetype:handler:)","title":"func auth<R>(with: FIRAuthPerformer, responseType: R.Type, handler: (Result<R, ACAuthError>) -> Void)","type":"method"},{"path":"\/documentation\/appcraft_auth_ios\/firauthremoteperformer\/generaterequest(firebaseidtoken:)","title":"func generateRequest(firebaseIDToken: String) throws -> URLRequest","type":"method"}],"path":"\/documentation\/appcraft_auth_ios\/firauthremoteperformer","title":"FIRAuthRemotePerformer","type":"class"},{"children":[{"title":"Initializers","type":"groupMarker"},{"path":"\/documentation\/appcraft_auth_ios\/firfacebookauthprovider\/init(permissions:)","title":"init(permissions: [FacebookPermissionType])","type":"init"},{"path":"\/documentation\/appcraft_auth_ios\/firfacebookauthprovider\/init(permissions:targetview:)","title":"init(permissions: [FacebookPermissionType], targetView: UIViewController?)","type":"init"},{"path":"\/documentation\/appcraft_auth_ios\/firfacebookauthprovider\/init(service:)","title":"init(service: FacebookAuthServiceInterface)","type":"init"},{"title":"Instance Methods","type":"groupMarker"},{"path":"\/documentation\/appcraft_auth_ios\/firfacebookauthprovider\/login(handler:)","title":"func logIn(handler: FIRAuthCallback)","type":"method"},{"title":"Default Implementations","type":"groupMarker"},{"children":[{"title":"Type Methods","type":"groupMarker"},{"path":"\/documentation\/appcraft_auth_ios\/firfacebookauthprovider\/facebook(permissions:targetview:)","title":"static func facebook(permissions: [FacebookPermissionType], targetView: UIViewController?) -> FIRAuthPerformer","type":"method"}],"path":"\/documentation\/appcraft_auth_ios\/firfacebookauthprovider\/firauthperformer-implementations","title":"FIRAuthPerformer Implementations","type":"symbol"}],"path":"\/documentation\/appcraft_auth_ios\/firfacebookauthprovider","title":"FIRFacebookAuthProvider","type":"class"},{"children":[{"title":"Initializers","type":"groupMarker"},{"path":"\/documentation\/appcraft_auth_ios\/firgoogleauthprovider\/init(configuration:)","title":"init(configuration: GIDConfiguration)","type":"init"},{"path":"\/documentation\/appcraft_auth_ios\/firgoogleauthprovider\/init(configuration:targetview:)","title":"init(configuration: GIDConfiguration, targetView: UIViewController?)","type":"init"},{"path":"\/documentation\/appcraft_auth_ios\/firgoogleauthprovider\/init(service:)","title":"init(service: GoogleAuthServiceInterface)","type":"init"},{"title":"Instance Methods","type":"groupMarker"},{"path":"\/documentation\/appcraft_auth_ios\/firgoogleauthprovider\/login(handler:)","title":"func logIn(handler: FIRAuthCallback)","type":"method"},{"title":"Default Implementations","type":"groupMarker"},{"children":[{"title":"Type Methods","type":"groupMarker"},{"path":"\/documentation\/appcraft_auth_ios\/firgoogleauthprovider\/google(clientid:targetview:)","title":"static func google(clientID: String, targetView: UIViewController?) -> FIRAuthPerformer","type":"method"}],"path":"\/documentation\/appcraft_auth_ios\/firgoogleauthprovider\/firauthperformer-implementations","title":"FIRAuthPerformer Implementations","type":"symbol"}],"path":"\/documentation\/appcraft_auth_ios\/firgoogleauthprovider","title":"FIRGoogleAuthProvider","type":"class"},{"children":[{"title":"Initializers","type":"groupMarker"},{"path":"\/documentation\/appcraft_auth_ios\/firpasswordauthprovider\/init()","title":"init()","type":"init"},{"path":"\/documentation\/appcraft_auth_ios\/firpasswordauthprovider\/init(email:password:)","title":"init(email: String, password: String)","type":"init"},{"title":"Instance Methods","type":"groupMarker"},{"path":"\/documentation\/appcraft_auth_ios\/firpasswordauthprovider\/login(email:password:handler:)","title":"func logIn(email: String, password: String, handler: FIRAuthCallback)","type":"method"},{"path":"\/documentation\/appcraft_auth_ios\/firpasswordauthprovider\/login(handler:)","title":"func logIn(handler: FIRAuthCallback)","type":"method"},{"path":"\/documentation\/appcraft_auth_ios\/firpasswordauthprovider\/resetdata()","title":"func resetData()","type":"method"},{"path":"\/documentation\/appcraft_auth_ios\/firpasswordauthprovider\/setupprofile(email:password:)","title":"func setupProfile(email: String, password: String) -> Self","type":"method"},{"title":"Default Implementations","type":"groupMarker"},{"children":[{"title":"Type Methods","type":"groupMarker"},{"path":"\/documentation\/appcraft_auth_ios\/firpasswordauthprovider\/password(email:password:)","title":"static func password(email: String, password: String) -> FIRAuthPerformer","type":"method"}],"path":"\/documentation\/appcraft_auth_ios\/firpasswordauthprovider\/firauthperformer-implementations","title":"FIRAuthPerformer Implementations","type":"symbol"}],"path":"\/documentation\/appcraft_auth_ios\/firpasswordauthprovider","title":"FIRPasswordAuthProvider","type":"class"},{"children":[{"title":"Instance Methods","type":"groupMarker"},{"path":"\/documentation\/appcraft_auth_ios\/firphoneauthprovider\/verifycodeandauth(code:handler:)","title":"func verifyCodeAndAuth(code: String, handler: FIRAuthCallback)","type":"method"},{"path":"\/documentation\/appcraft_auth_ios\/firphoneauthprovider\/verifyphone(number:handler:)","title":"func verifyPhone(number: String, handler: (Result<String, ACAuthError>) -> Void)","type":"method"}],"path":"\/documentation\/appcraft_auth_ios\/firphoneauthprovider","title":"FIRPhoneAuthProvider","type":"class"},{"children":[{"title":"Instance Methods","type":"groupMarker"},{"path":"\/documentation\/appcraft_auth_ios\/firtwitterauthprovider\/login(handler:)","title":"func logIn(handler: FIRAuthCallback)","type":"method"},{"title":"Default Implementations","type":"groupMarker"},{"children":[{"title":"Type Methods","type":"groupMarker"},{"path":"\/documentation\/appcraft_auth_ios\/firtwitterauthprovider\/twitter()","title":"static func twitter() -> FIRTwitterAuthProvider","type":"method"}],"path":"\/documentation\/appcraft_auth_ios\/firtwitterauthprovider\/firauthperformer-implementations","title":"FIRAuthPerformer Implementations","type":"symbol"}],"path":"\/documentation\/appcraft_auth_ios\/firtwitterauthprovider","title":"FIRTwitterAuthProvider","type":"class"},{"children":[{"title":"Initializers","type":"groupMarker"},{"path":"\/documentation\/appcraft_auth_ios\/facebookauthservice\/init(permissions:)","title":"init(permissions: [FacebookPermissionType])","type":"init"},{"path":"\/documentation\/appcraft_auth_ios\/facebookauthservice\/init(permissions:targetview:)","title":"init(permissions: [FacebookPermissionType], targetView: UIViewController?)","type":"init"},{"title":"Instance Properties","type":"groupMarker"},{"path":"\/documentation\/appcraft_auth_ios\/facebookauthservice\/permissions","title":"var permissions: [FacebookPermissionType]","type":"property"},{"path":"\/documentation\/appcraft_auth_ios\/facebookauthservice\/targetview","title":"var targetView: UIViewController?","type":"property"},{"title":"Instance Methods","type":"groupMarker"},{"path":"\/documentation\/appcraft_auth_ios\/facebookauthservice\/signin(handler:)","title":"func signIn(handler: (Result<AccessToken, ACAuthError.FacebookAuthenticationError>) -> Void)","type":"method"},{"title":"Type Methods","type":"groupMarker"},{"path":"\/documentation\/appcraft_auth_ios\/facebookauthservice\/configure(application:launchoptions:)","title":"class func configure(application: UIApplication, launchOptions: [UIApplication.LaunchOptionsKey : Any]?)","type":"method"},{"path":"\/documentation\/appcraft_auth_ios\/facebookauthservice\/handle(on:_:options:)","title":"static func handle(on: UIApplication, URL, options: [UIApplication.OpenURLOptionsKey : Any]) -> Bool","type":"method"},{"path":"\/documentation\/appcraft_auth_ios\/facebookauthservice\/handleforscene(url:)","title":"static func handleForScene(url: URL)","type":"method"}],"path":"\/documentation\/appcraft_auth_ios\/facebookauthservice","title":"FacebookAuthService","type":"class"},{"children":[{"title":"Initializers","type":"groupMarker"},{"path":"\/documentation\/appcraft_auth_ios\/googleauthservice\/init(configuration:)","title":"init(configuration: GIDConfiguration)","type":"init"},{"path":"\/documentation\/appcraft_auth_ios\/googleauthservice\/init(configuration:targetview:)","title":"init(configuration: GIDConfiguration, targetView: UIViewController?)","type":"init"},{"title":"Instance Properties","type":"groupMarker"},{"path":"\/documentation\/appcraft_auth_ios\/googleauthservice\/configuration","title":"var configuration: GIDConfiguration","type":"property"},{"path":"\/documentation\/appcraft_auth_ios\/googleauthservice\/targetview","title":"var targetView: UIViewController?","type":"property"},{"title":"Instance Methods","type":"groupMarker"},{"path":"\/documentation\/appcraft_auth_ios\/googleauthservice\/disconnect(handler:)","title":"func disconnect(handler: GIDDisconnectCallback?)","type":"method"},{"path":"\/documentation\/appcraft_auth_ios\/googleauthservice\/getcurrentprofile()","title":"func getCurrentProfile() -> GoogleProfile?","type":"method"},{"path":"\/documentation\/appcraft_auth_ios\/googleauthservice\/getidtoken(handler:)","title":"func getIDToken(handler: (Result<String, ACAuthError.GoogleAuthenticationError>) -> Void)","type":"method"},{"path":"\/documentation\/appcraft_auth_ios\/googleauthservice\/restoresignin(handler:)-swift.method","title":"func restoreSignIn(handler: (GoogleAuthServiceRestoreSignInState) -> Void)","type":"method"},{"path":"\/documentation\/appcraft_auth_ios\/googleauthservice\/signin(handler:)","title":"func signIn(handler: (Result<GoogleProfile, ACAuthError.GoogleAuthenticationError>) -> Void)","type":"method"},{"path":"\/documentation\/appcraft_auth_ios\/googleauthservice\/signout()-swift.method","title":"func signOut()","type":"method"},{"title":"Type Methods","type":"groupMarker"},{"path":"\/documentation\/appcraft_auth_ios\/googleauthservice\/handle(url:)","title":"static func handle(url: URL) -> Bool","type":"method"},{"path":"\/documentation\/appcraft_auth_ios\/googleauthservice\/restoresignin(handler:)-swift.type.method","title":"static func restoreSignIn(handler: (GoogleAuthServiceRestoreSignInState) -> Void)","type":"method"},{"path":"\/documentation\/appcraft_auth_ios\/googleauthservice\/signout()-swift.type.method","title":"static func signOut()","type":"method"}],"path":"\/documentation\/appcraft_auth_ios\/googleauthservice","title":"GoogleAuthService","type":"class"},{"children":[{"title":"Initializers","type":"groupMarker"},{"path":"\/documentation\/appcraft_auth_ios\/requestexecutor\/init()","title":"init()","type":"init"},{"title":"Instance Methods","type":"groupMarker"},{"path":"\/documentation\/appcraft_auth_ios\/requestexecutor\/createtask(_:model:handler:)","title":"func createTask<T>(URLRequest, model: T.Type, handler: ExecuteHandler<T>)","type":"method"}],"path":"\/documentation\/appcraft_auth_ios\/requestexecutor","title":"RequestExecutor","type":"class"},{"path":"\/documentation\/appcraft_auth_ios\/serverauthenticator","title":"ServerAuthenticator","type":"class"},{"children":[{"title":"Initializers","type":"groupMarker"},{"path":"\/documentation\/appcraft_auth_ios\/serverphoneauthentication\/init(provider:)","title":"init(provider: PhoneServerProvider)","type":"init"},{"path":"\/documentation\/appcraft_auth_ios\/serverphoneauthentication\/init(provider:executor:)","title":"init(provider: PhoneServerProvider, executor: RequestExecutorProtocol)","type":"init"},{"title":"Instance Methods","type":"groupMarker"},{"path":"\/documentation\/appcraft_auth_ios\/serverphoneauthentication\/verifycodeandauth(key:code:handler:)","title":"func verifyCodeAndAuth(key: String, code: String, handler: (Result<JWTToken, ACAuthError>) -> Void)","type":"method"},{"path":"\/documentation\/appcraft_auth_ios\/serverphoneauthentication\/verifycodeandauth(key:code:tokenresponse:handler:)","title":"func verifyCodeAndAuth<R>(key: String, code: String, tokenResponse: R.Type, handler: (Result<R, ACAuthError>) -> Void)","type":"method"},{"path":"\/documentation\/appcraft_auth_ios\/serverphoneauthentication\/verifyphone(number:handler:)","title":"func verifyPhone(number: String, handler: (Result<PhoneAuthoizationKey, ACAuthError>) -> Void)","type":"method"},{"path":"\/documentation\/appcraft_auth_ios\/serverphoneauthentication\/verifyphone(number:keyresponse:handler:)","title":"func verifyPhone<R>(number: String, keyResponse: R.Type, handler: (Result<R, ACAuthError>) -> Void)","type":"method"}],"path":"\/documentation\/appcraft_auth_ios\/serverphoneauthentication","title":"ServerPhoneAuthentication","type":"class"},{"title":"Protocols","type":"groupMarker"},{"children":[{"title":"Instance Methods","type":"groupMarker"},{"path":"\/documentation\/appcraft_auth_ios\/appleauthserviceinterface\/login(handler:)","title":"func logIn(handler: AppleAuthenticationHandler)","type":"method"},{"path":"\/documentation\/appcraft_auth_ios\/appleauthserviceinterface\/performrequest(_:handler:)","title":"func performRequest(ASAuthorizationAppleIDRequest, handler: AppleAuthenticationHandler)","type":"method"},{"path":"\/documentation\/appcraft_auth_ios\/appleauthserviceinterface\/preparerequest(scopes:nonce:)","title":"func prepareRequest(scopes: [ASAuthorization.Scope], nonce: String) -> ASAuthorizationAppleIDRequest","type":"method"}],"path":"\/documentation\/appcraft_auth_ios\/appleauthserviceinterface","title":"AppleAuthServiceInterface","type":"protocol"},{"children":[{"title":"Instance Methods","type":"groupMarker"},{"path":"\/documentation\/appcraft_auth_ios\/firauthperformer\/login(handler:)","title":"func logIn(handler: FIRAuthCallback)","type":"method"},{"title":"Type Methods","type":"groupMarker"},{"path":"\/documentation\/appcraft_auth_ios\/firauthperformer\/apple(scopes:)","title":"static func apple(scopes: [ASAuthorization.Scope]) -> FIRAuthPerformer","type":"method"},{"path":"\/documentation\/appcraft_auth_ios\/firauthperformer\/facebook(permissions:targetview:)","title":"static func facebook(permissions: [FacebookPermissionType], targetView: UIViewController?) -> FIRAuthPerformer","type":"method"},{"path":"\/documentation\/appcraft_auth_ios\/firauthperformer\/google(clientid:targetview:)","title":"static func google(clientID: String, targetView: UIViewController?) -> FIRAuthPerformer","type":"method"},{"path":"\/documentation\/appcraft_auth_ios\/firauthperformer\/password(email:password:)","title":"static func password(email: String, password: String) -> FIRAuthPerformer","type":"method"},{"path":"\/documentation\/appcraft_auth_ios\/firauthperformer\/twitter()","title":"static func twitter() -> FIRTwitterAuthProvider","type":"method"}],"path":"\/documentation\/appcraft_auth_ios\/firauthperformer","title":"FIRAuthPerformer","type":"protocol"},{"children":[{"title":"Instance Properties","type":"groupMarker"},{"path":"\/documentation\/appcraft_auth_ios\/facebookauthserviceinterface\/permissions","title":"var permissions: [FacebookPermissionType]","type":"property"},{"path":"\/documentation\/appcraft_auth_ios\/facebookauthserviceinterface\/targetview","title":"var targetView: UIViewController?","type":"property"},{"title":"Instance Methods","type":"groupMarker"},{"path":"\/documentation\/appcraft_auth_ios\/facebookauthserviceinterface\/signin(handler:)","title":"func signIn(handler: (Result<AccessToken, ACAuthError.FacebookAuthenticationError>) -> Void)","type":"method"}],"path":"\/documentation\/appcraft_auth_ios\/facebookauthserviceinterface","title":"FacebookAuthServiceInterface","type":"protocol"},{"children":[{"title":"Instance Properties","type":"groupMarker"},{"path":"\/documentation\/appcraft_auth_ios\/googleauthserviceinterface\/targetview","title":"var targetView: UIViewController?","type":"property"},{"title":"Instance Methods","type":"groupMarker"},{"path":"\/documentation\/appcraft_auth_ios\/googleauthserviceinterface\/disconnect(handler:)","title":"func disconnect(handler: GIDDisconnectCallback?)","type":"method"},{"path":"\/documentation\/appcraft_auth_ios\/googleauthserviceinterface\/getcurrentprofile()","title":"func getCurrentProfile() -> GoogleProfile?","type":"method"},{"path":"\/documentation\/appcraft_auth_ios\/googleauthserviceinterface\/getidtoken(handler:)","title":"func getIDToken(handler: (Result<String, ACAuthError.GoogleAuthenticationError>) -> Void)","type":"method"},{"path":"\/documentation\/appcraft_auth_ios\/googleauthserviceinterface\/restoresignin(handler:)","title":"func restoreSignIn(handler: (GoogleAuthServiceRestoreSignInState) -> Void)","type":"method"},{"path":"\/documentation\/appcraft_auth_ios\/googleauthserviceinterface\/signin(handler:)","title":"func signIn(handler: (Result<GoogleProfile, ACAuthError.GoogleAuthenticationError>) -> Void)","type":"method"},{"path":"\/documentation\/appcraft_auth_ios\/googleauthserviceinterface\/signout()","title":"func signOut()","type":"method"}],"path":"\/documentation\/appcraft_auth_ios\/googleauthserviceinterface","title":"GoogleAuthServiceInterface","type":"protocol"},{"children":[{"title":"Instance Properties","type":"groupMarker"},{"children":[{"children":[{"path":"\/documentation\/appcraft_auth_ios\/remoteauthprovider\/custombodyparameters-trj9","title":"var customBodyParameters: [String : Any]","type":"property"}],"title":"RemoteAuthProvider Implementations","type":"groupMarker"}],"path":"\/documentation\/appcraft_auth_ios\/remoteauthprovider\/custombodyparameters-4lmb","title":"var customBodyParameters: [String : Any]","type":"property"},{"children":[{"children":[{"path":"\/documentation\/appcraft_auth_ios\/remoteauthprovider\/headers-8srb1","title":"var headers: [String : String]","type":"property"}],"title":"RemoteAuthProvider Implementations","type":"groupMarker"}],"path":"\/documentation\/appcraft_auth_ios\/remoteauthprovider\/headers-5kafs","title":"var headers: [String : String]","type":"property"},{"path":"\/documentation\/appcraft_auth_ios\/remoteauthprovider\/source","title":"var source: RemoteSource","type":"property"}],"path":"\/documentation\/appcraft_auth_ios\/remoteauthprovider","title":"RemoteAuthProvider","type":"protocol"},{"children":[{"title":"Instance Properties","type":"groupMarker"},{"path":"\/documentation\/appcraft_auth_ios\/remotesource\/targeturl","title":"var targetURL: URL?","type":"property"}],"path":"\/documentation\/appcraft_auth_ios\/remotesource","title":"RemoteSource","type":"protocol"},{"children":[{"title":"Instance Methods","type":"groupMarker"},{"path":"\/documentation\/appcraft_auth_ios\/requestexecutorprotocol\/createtask(_:model:handler:)","title":"func createTask<T>(URLRequest, model: T.Type, handler: ExecuteHandler<T>)","type":"method"}],"path":"\/documentation\/appcraft_auth_ios\/requestexecutorprotocol","title":"RequestExecutorProtocol","type":"protocol"},{"children":[{"title":"Instance Methods","type":"groupMarker"},{"path":"\/documentation\/appcraft_auth_ios\/serverphoneauthenticationprotocol\/verifycodeandauth(key:code:handler:)","title":"func verifyCodeAndAuth(key: String, code: String, handler: (Result<JWTToken, ACAuthError>) -> Void)","type":"method"},{"path":"\/documentation\/appcraft_auth_ios\/serverphoneauthenticationprotocol\/verifycodeandauth(key:code:tokenresponse:handler:)","title":"func verifyCodeAndAuth<R>(key: String, code: String, tokenResponse: R.Type, handler: (Result<R, ACAuthError>) -> Void)","type":"method"},{"path":"\/documentation\/appcraft_auth_ios\/serverphoneauthenticationprotocol\/verifyphone(number:handler:)","title":"func verifyPhone(number: String, handler: (Result<PhoneAuthoizationKey, ACAuthError>) -> Void)","type":"method"},{"path":"\/documentation\/appcraft_auth_ios\/serverphoneauthenticationprotocol\/verifyphone(number:keyresponse:handler:)","title":"func verifyPhone<R>(number: String, keyResponse: R.Type, handler: (Result<R, ACAuthError>) -> Void)","type":"method"}],"path":"\/documentation\/appcraft_auth_ios\/serverphoneauthenticationprotocol","title":"ServerPhoneAuthenticationProtocol","type":"protocol"},{"title":"Structures","type":"groupMarker"},{"children":[{"title":"Instance Properties","type":"groupMarker"},{"path":"\/documentation\/appcraft_auth_ios\/appleauthenticationdata\/identitytoken","title":"let identityToken: Data","type":"property"},{"path":"\/documentation\/appcraft_auth_ios\/appleauthenticationdata\/nonce","title":"let nonce: String","type":"property"},{"path":"\/documentation\/appcraft_auth_ios\/appleauthenticationdata\/persone","title":"let persone: PersonNameComponents?","type":"property"},{"path":"\/documentation\/appcraft_auth_ios\/appleauthenticationdata\/token","title":"let token: String","type":"property"}],"path":"\/documentation\/appcraft_auth_ios\/appleauthenticationdata","title":"AppleAuthenticationData","type":"struct"},{"children":[{"title":"Instance Properties","type":"groupMarker"},{"path":"\/documentation\/appcraft_auth_ios\/firremoteauthprovider\/source","title":"var source: RemoteSource","type":"property"},{"path":"\/documentation\/appcraft_auth_ios\/firremoteauthprovider\/tokenpassingparameterkey","title":"var tokenPassingParameterKey: String","type":"property"},{"title":"Default Implementations","type":"groupMarker"},{"children":[{"title":"Instance Properties","type":"groupMarker"},{"path":"\/documentation\/appcraft_auth_ios\/firremoteauthprovider\/custombodyparameters","title":"var customBodyParameters: [String : Any]","type":"property"},{"path":"\/documentation\/appcraft_auth_ios\/firremoteauthprovider\/headers","title":"var headers: [String : String]","type":"property"}],"path":"\/documentation\/appcraft_auth_ios\/firremoteauthprovider\/remoteauthprovider-implementations","title":"RemoteAuthProvider Implementations","type":"symbol"}],"path":"\/documentation\/appcraft_auth_ios\/firremoteauthprovider","title":"FIRRemoteAuthProvider","type":"struct"},{"path":"\/documentation\/appcraft_auth_ios\/googleprofile","title":"GoogleProfile","type":"struct"},{"children":[{"title":"Initializers","type":"groupMarker"},{"path":"\/documentation\/appcraft_auth_ios\/jwttoken\/init(from:)","title":"init(from: Decoder) throws","type":"init"}],"path":"\/documentation\/appcraft_auth_ios\/jwttoken","title":"JWTToken","type":"struct"},{"children":[{"title":"Instance Properties","type":"groupMarker"},{"path":"\/documentation\/appcraft_auth_ios\/psverifycodeandremoteauthprovider\/kcodeparameter","title":"var kCodeParameter: String","type":"property"},{"path":"\/documentation\/appcraft_auth_ios\/psverifycodeandremoteauthprovider\/kkeyparameter","title":"var kKeyParameter: String","type":"property"},{"path":"\/documentation\/appcraft_auth_ios\/psverifycodeandremoteauthprovider\/source","title":"var source: RemoteSource","type":"property"},{"title":"Default Implementations","type":"groupMarker"},{"children":[{"title":"Instance Properties","type":"groupMarker"},{"path":"\/documentation\/appcraft_auth_ios\/psverifycodeandremoteauthprovider\/custombodyparameters","title":"var customBodyParameters: [String : Any]","type":"property"},{"path":"\/documentation\/appcraft_auth_ios\/psverifycodeandremoteauthprovider\/headers","title":"var headers: [String : String]","type":"property"}],"path":"\/documentation\/appcraft_auth_ios\/psverifycodeandremoteauthprovider\/remoteauthprovider-implementations","title":"RemoteAuthProvider Implementations","type":"symbol"}],"path":"\/documentation\/appcraft_auth_ios\/psverifycodeandremoteauthprovider","title":"PSVerifyCodeAndRemoteAuthProvider","type":"struct"},{"children":[{"title":"Instance Properties","type":"groupMarker"},{"path":"\/documentation\/appcraft_auth_ios\/psverifyphoneprovider\/phonepassingparameterkey","title":"var phonePassingParameterKey: String","type":"property"},{"path":"\/documentation\/appcraft_auth_ios\/psverifyphoneprovider\/source","title":"var source: RemoteSource","type":"property"},{"title":"Default Implementations","type":"groupMarker"},{"children":[{"title":"Instance Properties","type":"groupMarker"},{"path":"\/documentation\/appcraft_auth_ios\/psverifyphoneprovider\/custombodyparameters","title":"var customBodyParameters: [String : Any]","type":"property"},{"path":"\/documentation\/appcraft_auth_ios\/psverifyphoneprovider\/headers","title":"var headers: [String : String]","type":"property"}],"path":"\/documentation\/appcraft_auth_ios\/psverifyphoneprovider\/remoteauthprovider-implementations","title":"RemoteAuthProvider Implementations","type":"symbol"}],"path":"\/documentation\/appcraft_auth_ios\/psverifyphoneprovider","title":"PSVerifyPhoneProvider","type":"struct"},{"children":[{"title":"Initializers","type":"groupMarker"},{"path":"\/documentation\/appcraft_auth_ios\/phoneauthoizationkey\/init(from:)","title":"init(from: Decoder) throws","type":"init"}],"path":"\/documentation\/appcraft_auth_ios\/phoneauthoizationkey","title":"PhoneAuthoizationKey","type":"struct"},{"children":[{"title":"Initializers","type":"groupMarker"},{"path":"\/documentation\/appcraft_auth_ios\/phoneformatter\/init(wrappedvalue:)","title":"init(wrappedValue: String)","type":"init"},{"path":"\/documentation\/appcraft_auth_ios\/phoneformatter\/init(wrappedvalue:occurrences:)","title":"init(wrappedValue: String, occurrences: [String])","type":"init"},{"title":"Instance Properties","type":"groupMarker"},{"path":"\/documentation\/appcraft_auth_ios\/phoneformatter\/wrappedvalue","title":"var wrappedValue: String","type":"property"}],"path":"\/documentation\/appcraft_auth_ios\/phoneformatter","title":"PhoneFormatter","type":"struct"},{"path":"\/documentation\/appcraft_auth_ios\/phoneserverprovider","title":"PhoneServerProvider","type":"struct"},{"title":"Type Aliases","type":"groupMarker"},{"path":"\/documentation\/appcraft_auth_ios\/appleauthenticationhandler","title":"AppleAuthenticationHandler","type":"typealias"},{"path":"\/documentation\/appcraft_auth_ios\/executehandler","title":"ExecuteHandler","type":"typealias"},{"path":"\/documentation\/appcraft_auth_ios\/firauthcallback","title":"FIRAuthCallback","type":"typealias"},{"path":"\/documentation\/appcraft_auth_ios\/giddisconnectcallback","title":"GIDDisconnectCallback","type":"typealias"},{"title":"Enumerations","type":"groupMarker"},{"children":[{"title":"Enumeration Cases","type":"groupMarker"},{"path":"\/documentation\/appcraft_auth_ios\/acautherror\/appleauthenticationerror(reason:)","title":"case appleAuthenticationError(reason: AppleAuthenticationError)","type":"case"},{"path":"\/documentation\/appcraft_auth_ios\/acautherror\/facebookauthorizationerror(reason:)","title":"case facebookAuthorizationError(reason: FacebookAuthenticationError)","type":"case"},{"path":"\/documentation\/appcraft_auth_ios\/acautherror\/firebaseauthenticationerror(reason:)","title":"case firebaseAuthenticationError(reason: FIRAuthenticationError)","type":"case"},{"path":"\/documentation\/appcraft_auth_ios\/acautherror\/googleauthenticationerror(reason:)","title":"case googleAuthenticationError(reason: GoogleAuthenticationError)","type":"case"},{"path":"\/documentation\/appcraft_auth_ios\/acautherror\/mappererror(reason:)","title":"case mapperError(reason: MapperError)","type":"case"},{"path":"\/documentation\/appcraft_auth_ios\/acautherror\/passwordauthenticationerror(reason:)","title":"case passwordAuthenticationError(reason: PasswordAuthenticationError)","type":"case"},{"path":"\/documentation\/appcraft_auth_ios\/acautherror\/phoneauthenticationerror(reason:)","title":"case phoneAuthenticationError(reason: PhoneAuthenticationError)","type":"case"},{"path":"\/documentation\/appcraft_auth_ios\/acautherror\/requesterror(reason:)","title":"case requestError(reason: RequestError)","type":"case"},{"path":"\/documentation\/appcraft_auth_ios\/acautherror\/responseerror(reason:)","title":"case responseError(reason: ResponseError)","type":"case"},{"path":"\/documentation\/appcraft_auth_ios\/acautherror\/undefined","title":"case undefined","type":"case"},{"path":"\/documentation\/appcraft_auth_ios\/acautherror\/vkauthenticationerror(reason:)","title":"case vkAuthenticationError(reason: VKAuthenticationError)","type":"case"},{"title":"Enumerations","type":"groupMarker"},{"children":[{"title":"Enumeration Cases","type":"groupMarker"},{"path":"\/documentation\/appcraft_auth_ios\/acautherror\/appleauthenticationerror\/authorizationerror(error:)","title":"case authorizationError(error: Error)","type":"case"},{"path":"\/documentation\/appcraft_auth_ios\/acautherror\/appleauthenticationerror\/invalidnonce","title":"case invalidNonce","type":"case"},{"path":"\/documentation\/appcraft_auth_ios\/acautherror\/appleauthenticationerror\/nilwhileunwrappingauthorizationappleidcredential","title":"case nilWhileUnwrappingAuthorizationAppleIDCredential","type":"case"},{"path":"\/documentation\/appcraft_auth_ios\/acautherror\/appleauthenticationerror\/nilwhileunwrappingauthorizationtoken","title":"case nilWhileUnwrappingAuthorizationToken","type":"case"},{"path":"\/documentation\/appcraft_auth_ios\/acautherror\/appleauthenticationerror\/undefinederror","title":"case undefinedError","type":"case"},{"title":"Default Implementations","type":"groupMarker"},{"children":[{"title":"Instance Properties","type":"groupMarker"},{"path":"\/documentation\/appcraft_auth_ios\/acautherror\/appleauthenticationerror\/localizeddescription","title":"var localizedDescription: String","type":"property"}],"path":"\/documentation\/appcraft_auth_ios\/acautherror\/appleauthenticationerror\/error-implementations","title":"Error Implementations","type":"symbol"},{"children":[{"title":"Instance Properties","type":"groupMarker"},{"path":"\/documentation\/appcraft_auth_ios\/acautherror\/appleauthenticationerror\/errordescription-77itr","title":"var errorDescription: String?","type":"property"},{"path":"\/documentation\/appcraft_auth_ios\/acautherror\/appleauthenticationerror\/errordescription-89dd4","title":"var errorDescription: String?","type":"property"},{"path":"\/documentation\/appcraft_auth_ios\/acautherror\/appleauthenticationerror\/failurereason","title":"var failureReason: String?","type":"property"},{"path":"\/documentation\/appcraft_auth_ios\/acautherror\/appleauthenticationerror\/helpanchor","title":"var helpAnchor: String?","type":"property"},{"path":"\/documentation\/appcraft_auth_ios\/acautherror\/appleauthenticationerror\/recoverysuggestion","title":"var recoverySuggestion: String?","type":"property"}],"path":"\/documentation\/appcraft_auth_ios\/acautherror\/appleauthenticationerror\/localizederror-implementations","title":"LocalizedError Implementations","type":"symbol"}],"path":"\/documentation\/appcraft_auth_ios\/acautherror\/appleauthenticationerror","title":"ACAuthError.AppleAuthenticationError","type":"enum"},{"children":[{"title":"Enumeration Cases","type":"groupMarker"},{"path":"\/documentation\/appcraft_auth_ios\/acautherror\/firauthenticationerror\/nilwhileunwrappingcredential(error:)","title":"case nilWhileUnwrappingCredential(error: Error?)","type":"case"},{"path":"\/documentation\/appcraft_auth_ios\/acautherror\/firauthenticationerror\/nilwhileunwrappingfirebaseidtoken(error:)","title":"case nilWhileUnwrappingFirebaseIDToken(error: Error?)","type":"case"},{"path":"\/documentation\/appcraft_auth_ios\/acautherror\/firauthenticationerror\/signinerror(error:)","title":"case signInError(error: Error?)","type":"case"},{"title":"Default Implementations","type":"groupMarker"},{"children":[{"title":"Instance Properties","type":"groupMarker"},{"path":"\/documentation\/appcraft_auth_ios\/acautherror\/firauthenticationerror\/localizeddescription","title":"var localizedDescription: String","type":"property"}],"path":"\/documentation\/appcraft_auth_ios\/acautherror\/firauthenticationerror\/error-implementations","title":"Error Implementations","type":"symbol"},{"children":[{"title":"Instance Properties","type":"groupMarker"},{"path":"\/documentation\/appcraft_auth_ios\/acautherror\/firauthenticationerror\/errordescription-2heu3","title":"var errorDescription: String?","type":"property"},{"path":"\/documentation\/appcraft_auth_ios\/acautherror\/firauthenticationerror\/errordescription-q1ww","title":"var errorDescription: String?","type":"property"},{"path":"\/documentation\/appcraft_auth_ios\/acautherror\/firauthenticationerror\/failurereason","title":"var failureReason: String?","type":"property"},{"path":"\/documentation\/appcraft_auth_ios\/acautherror\/firauthenticationerror\/helpanchor","title":"var helpAnchor: String?","type":"property"},{"path":"\/documentation\/appcraft_auth_ios\/acautherror\/firauthenticationerror\/recoverysuggestion","title":"var recoverySuggestion: String?","type":"property"}],"path":"\/documentation\/appcraft_auth_ios\/acautherror\/firauthenticationerror\/localizederror-implementations","title":"LocalizedError Implementations","type":"symbol"}],"path":"\/documentation\/appcraft_auth_ios\/acautherror\/firauthenticationerror","title":"ACAuthError.FIRAuthenticationError","type":"enum"},{"children":[{"title":"Enumeration Cases","type":"groupMarker"},{"path":"\/documentation\/appcraft_auth_ios\/acautherror\/facebookauthenticationerror\/loginerror(error:)","title":"case logInError(error: Error)","type":"case"},{"path":"\/documentation\/appcraft_auth_ios\/acautherror\/facebookauthenticationerror\/nilwhileunwrappingaccesstoken","title":"case nilWhileUnwrappingAccessToken","type":"case"},{"path":"\/documentation\/appcraft_auth_ios\/acautherror\/facebookauthenticationerror\/nilwhileunwrappingtargetview","title":"case nilWhileUnwrappingTargetView","type":"case"},{"title":"Default Implementations","type":"groupMarker"},{"children":[{"title":"Instance Properties","type":"groupMarker"},{"path":"\/documentation\/appcraft_auth_ios\/acautherror\/facebookauthenticationerror\/localizeddescription","title":"var localizedDescription: String","type":"property"}],"path":"\/documentation\/appcraft_auth_ios\/acautherror\/facebookauthenticationerror\/error-implementations","title":"Error Implementations","type":"symbol"},{"children":[{"title":"Instance Properties","type":"groupMarker"},{"path":"\/documentation\/appcraft_auth_ios\/acautherror\/facebookauthenticationerror\/errordescription-1ryms","title":"var errorDescription: String?","type":"property"},{"path":"\/documentation\/appcraft_auth_ios\/acautherror\/facebookauthenticationerror\/errordescription-2rmoe","title":"var errorDescription: String?","type":"property"},{"path":"\/documentation\/appcraft_auth_ios\/acautherror\/facebookauthenticationerror\/failurereason","title":"var failureReason: String?","type":"property"},{"path":"\/documentation\/appcraft_auth_ios\/acautherror\/facebookauthenticationerror\/helpanchor","title":"var helpAnchor: String?","type":"property"},{"path":"\/documentation\/appcraft_auth_ios\/acautherror\/facebookauthenticationerror\/recoverysuggestion","title":"var recoverySuggestion: String?","type":"property"}],"path":"\/documentation\/appcraft_auth_ios\/acautherror\/facebookauthenticationerror\/localizederror-implementations","title":"LocalizedError Implementations","type":"symbol"}],"path":"\/documentation\/appcraft_auth_ios\/acautherror\/facebookauthenticationerror","title":"ACAuthError.FacebookAuthenticationError","type":"enum"},{"children":[{"title":"Enumeration Cases","type":"groupMarker"},{"path":"\/documentation\/appcraft_auth_ios\/acautherror\/googleauthenticationerror\/fetchidtokenerror(error:)","title":"case fetchIDTokenError(error: Error?)","type":"case"},{"path":"\/documentation\/appcraft_auth_ios\/acautherror\/googleauthenticationerror\/nilwhileunwrappingauthenticationobject","title":"case nilWhileUnwrappingAuthenticationObject","type":"case"},{"path":"\/documentation\/appcraft_auth_ios\/acautherror\/googleauthenticationerror\/nilwhileunwrappingfirclientid","title":"case nilWhileUnwrappingFIRClientID","type":"case"},{"path":"\/documentation\/appcraft_auth_ios\/acautherror\/googleauthenticationerror\/nilwhileunwrappingtargetview","title":"case nilWhileUnwrappingTargetView","type":"case"},{"path":"\/documentation\/appcraft_auth_ios\/acautherror\/googleauthenticationerror\/signinerror(error:)","title":"case signInError(error: Error?)","type":"case"},{"title":"Default Implementations","type":"groupMarker"},{"children":[{"title":"Instance Properties","type":"groupMarker"},{"path":"\/documentation\/appcraft_auth_ios\/acautherror\/googleauthenticationerror\/localizeddescription","title":"var localizedDescription: String","type":"property"}],"path":"\/documentation\/appcraft_auth_ios\/acautherror\/googleauthenticationerror\/error-implementations","title":"Error Implementations","type":"symbol"},{"children":[{"title":"Instance Properties","type":"groupMarker"},{"path":"\/documentation\/appcraft_auth_ios\/acautherror\/googleauthenticationerror\/errordescription-1efst","title":"var errorDescription: String?","type":"property"},{"path":"\/documentation\/appcraft_auth_ios\/acautherror\/googleauthenticationerror\/errordescription-92srd","title":"var errorDescription: String?","type":"property"},{"path":"\/documentation\/appcraft_auth_ios\/acautherror\/googleauthenticationerror\/failurereason","title":"var failureReason: String?","type":"property"},{"path":"\/documentation\/appcraft_auth_ios\/acautherror\/googleauthenticationerror\/helpanchor","title":"var helpAnchor: String?","type":"property"},{"path":"\/documentation\/appcraft_auth_ios\/acautherror\/googleauthenticationerror\/recoverysuggestion","title":"var recoverySuggestion: String?","type":"property"}],"path":"\/documentation\/appcraft_auth_ios\/acautherror\/googleauthenticationerror\/localizederror-implementations","title":"LocalizedError Implementations","type":"symbol"}],"path":"\/documentation\/appcraft_auth_ios\/acautherror\/googleauthenticationerror","title":"ACAuthError.GoogleAuthenticationError","type":"enum"},{"children":[{"title":"Enumeration Cases","type":"groupMarker"},{"path":"\/documentation\/appcraft_auth_ios\/acautherror\/mappererror\/datadecodingwitherror(_:)","title":"case dataDecodingWithError(Error?)","type":"case"},{"title":"Default Implementations","type":"groupMarker"},{"children":[{"title":"Instance Properties","type":"groupMarker"},{"path":"\/documentation\/appcraft_auth_ios\/acautherror\/mappererror\/localizeddescription","title":"var localizedDescription: String","type":"property"}],"path":"\/documentation\/appcraft_auth_ios\/acautherror\/mappererror\/error-implementations","title":"Error Implementations","type":"symbol"},{"children":[{"title":"Instance Properties","type":"groupMarker"},{"path":"\/documentation\/appcraft_auth_ios\/acautherror\/mappererror\/errordescription-qbnx","title":"var errorDescription: String?","type":"property"},{"path":"\/documentation\/appcraft_auth_ios\/acautherror\/mappererror\/errordescription-ucxa","title":"var errorDescription: String?","type":"property"},{"path":"\/documentation\/appcraft_auth_ios\/acautherror\/mappererror\/failurereason","title":"var failureReason: String?","type":"property"},{"path":"\/documentation\/appcraft_auth_ios\/acautherror\/mappererror\/helpanchor","title":"var helpAnchor: String?","type":"property"},{"path":"\/documentation\/appcraft_auth_ios\/acautherror\/mappererror\/recoverysuggestion","title":"var recoverySuggestion: String?","type":"property"}],"path":"\/documentation\/appcraft_auth_ios\/acautherror\/mappererror\/localizederror-implementations","title":"LocalizedError Implementations","type":"symbol"}],"path":"\/documentation\/appcraft_auth_ios\/acautherror\/mappererror","title":"ACAuthError.MapperError","type":"enum"},{"children":[{"title":"Enumeration Cases","type":"groupMarker"},{"path":"\/documentation\/appcraft_auth_ios\/acautherror\/passwordauthenticationerror\/invalidemail","title":"case invalidEmail","type":"case"},{"path":"\/documentation\/appcraft_auth_ios\/acautherror\/passwordauthenticationerror\/invalidpassword","title":"case invalidPassword","type":"case"},{"title":"Default Implementations","type":"groupMarker"},{"children":[{"title":"Operators","type":"groupMarker"},{"path":"\/documentation\/appcraft_auth_ios\/acautherror\/passwordauthenticationerror\/!=(_:_:)","title":"static func != (Self, Self) -> Bool","type":"op"}],"path":"\/documentation\/appcraft_auth_ios\/acautherror\/passwordauthenticationerror\/equatable-implementations","title":"Equatable Implementations","type":"symbol"},{"children":[{"title":"Instance Properties","type":"groupMarker"},{"path":"\/documentation\/appcraft_auth_ios\/acautherror\/passwordauthenticationerror\/localizeddescription","title":"var localizedDescription: String","type":"property"}],"path":"\/documentation\/appcraft_auth_ios\/acautherror\/passwordauthenticationerror\/error-implementations","title":"Error Implementations","type":"symbol"}],"path":"\/documentation\/appcraft_auth_ios\/acautherror\/passwordauthenticationerror","title":"ACAuthError.PasswordAuthenticationError","type":"enum"},{"children":[{"title":"Enumeration Cases","type":"groupMarker"},{"path":"\/documentation\/appcraft_auth_ios\/acautherror\/phoneauthenticationerror\/nilwhileunwrappingrequestkey","title":"case nilWhileUnwrappingRequestKey","type":"case"},{"path":"\/documentation\/appcraft_auth_ios\/acautherror\/phoneauthenticationerror\/specifiedcodeisempty","title":"case specifiedCodeIsEmpty","type":"case"},{"title":"Default Implementations","type":"groupMarker"},{"children":[{"title":"Operators","type":"groupMarker"},{"path":"\/documentation\/appcraft_auth_ios\/acautherror\/phoneauthenticationerror\/!=(_:_:)","title":"static func != (Self, Self) -> Bool","type":"op"}],"path":"\/documentation\/appcraft_auth_ios\/acautherror\/phoneauthenticationerror\/equatable-implementations","title":"Equatable Implementations","type":"symbol"},{"children":[{"title":"Instance Properties","type":"groupMarker"},{"path":"\/documentation\/appcraft_auth_ios\/acautherror\/phoneauthenticationerror\/localizeddescription","title":"var localizedDescription: String","type":"property"}],"path":"\/documentation\/appcraft_auth_ios\/acautherror\/phoneauthenticationerror\/error-implementations","title":"Error Implementations","type":"symbol"},{"children":[{"title":"Instance Properties","type":"groupMarker"},{"path":"\/documentation\/appcraft_auth_ios\/acautherror\/phoneauthenticationerror\/errordescription-218dm","title":"var errorDescription: String?","type":"property"},{"path":"\/documentation\/appcraft_auth_ios\/acautherror\/phoneauthenticationerror\/errordescription-5mr1q","title":"var errorDescription: String?","type":"property"},{"path":"\/documentation\/appcraft_auth_ios\/acautherror\/phoneauthenticationerror\/failurereason","title":"var failureReason: String?","type":"property"},{"path":"\/documentation\/appcraft_auth_ios\/acautherror\/phoneauthenticationerror\/helpanchor","title":"var helpAnchor: String?","type":"property"},{"path":"\/documentation\/appcraft_auth_ios\/acautherror\/phoneauthenticationerror\/recoverysuggestion","title":"var recoverySuggestion: String?","type":"property"}],"path":"\/documentation\/appcraft_auth_ios\/acautherror\/phoneauthenticationerror\/localizederror-implementations","title":"LocalizedError Implementations","type":"symbol"}],"path":"\/documentation\/appcraft_auth_ios\/acautherror\/phoneauthenticationerror","title":"ACAuthError.PhoneAuthenticationError","type":"enum"},{"children":[{"title":"Enumeration Cases","type":"groupMarker"},{"path":"\/documentation\/appcraft_auth_ios\/acautherror\/requesterror\/invalidurl","title":"case invalidURL","type":"case"},{"path":"\/documentation\/appcraft_auth_ios\/acautherror\/requesterror\/serializationbody(error:)","title":"case serializationBody(error: Error)","type":"case"},{"path":"\/documentation\/appcraft_auth_ios\/acautherror\/requesterror\/undefined","title":"case undefined","type":"case"},{"title":"Default Implementations","type":"groupMarker"},{"children":[{"title":"Instance Properties","type":"groupMarker"},{"path":"\/documentation\/appcraft_auth_ios\/acautherror\/requesterror\/localizeddescription","title":"var localizedDescription: String","type":"property"}],"path":"\/documentation\/appcraft_auth_ios\/acautherror\/requesterror\/error-implementations","title":"Error Implementations","type":"symbol"},{"children":[{"title":"Instance Properties","type":"groupMarker"},{"path":"\/documentation\/appcraft_auth_ios\/acautherror\/requesterror\/errordescription-43jag","title":"var errorDescription: String?","type":"property"},{"path":"\/documentation\/appcraft_auth_ios\/acautherror\/requesterror\/errordescription-7ymsr","title":"var errorDescription: String?","type":"property"},{"path":"\/documentation\/appcraft_auth_ios\/acautherror\/requesterror\/failurereason","title":"var failureReason: String?","type":"property"},{"path":"\/documentation\/appcraft_auth_ios\/acautherror\/requesterror\/helpanchor","title":"var helpAnchor: String?","type":"property"},{"path":"\/documentation\/appcraft_auth_ios\/acautherror\/requesterror\/recoverysuggestion","title":"var recoverySuggestion: String?","type":"property"}],"path":"\/documentation\/appcraft_auth_ios\/acautherror\/requesterror\/localizederror-implementations","title":"LocalizedError Implementations","type":"symbol"}],"path":"\/documentation\/appcraft_auth_ios\/acautherror\/requesterror","title":"ACAuthError.RequestError","type":"enum"},{"children":[{"title":"Enumeration Cases","type":"groupMarker"},{"path":"\/documentation\/appcraft_auth_ios\/acautherror\/responseerror\/datatask(error:)","title":"case dataTask(error: Error?)","type":"case"},{"path":"\/documentation\/appcraft_auth_ios\/acautherror\/responseerror\/datataskurl(error:)","title":"case dataTaskURL(error: URLError)","type":"case"},{"path":"\/documentation\/appcraft_auth_ios\/acautherror\/responseerror\/invalidhttpstatuscode(response:)","title":"case invalidHTTPStatusCode(response: HTTPURLResponse)","type":"case"},{"path":"\/documentation\/appcraft_auth_ios\/acautherror\/responseerror\/invalidurlresponse","title":"case invalidURLResponse","type":"case"},{"title":"Default Implementations","type":"groupMarker"},{"children":[{"title":"Instance Properties","type":"groupMarker"},{"path":"\/documentation\/appcraft_auth_ios\/acautherror\/responseerror\/localizeddescription","title":"var localizedDescription: String","type":"property"}],"path":"\/documentation\/appcraft_auth_ios\/acautherror\/responseerror\/error-implementations","title":"Error Implementations","type":"symbol"},{"children":[{"title":"Instance Properties","type":"groupMarker"},{"path":"\/documentation\/appcraft_auth_ios\/acautherror\/responseerror\/errordescription-9vo09","title":"var errorDescription: String?","type":"property"},{"path":"\/documentation\/appcraft_auth_ios\/acautherror\/responseerror\/errordescription-9y87x","title":"var errorDescription: String?","type":"property"},{"path":"\/documentation\/appcraft_auth_ios\/acautherror\/responseerror\/failurereason","title":"var failureReason: String?","type":"property"},{"path":"\/documentation\/appcraft_auth_ios\/acautherror\/responseerror\/helpanchor","title":"var helpAnchor: String?","type":"property"},{"path":"\/documentation\/appcraft_auth_ios\/acautherror\/responseerror\/recoverysuggestion","title":"var recoverySuggestion: String?","type":"property"}],"path":"\/documentation\/appcraft_auth_ios\/acautherror\/responseerror\/localizederror-implementations","title":"LocalizedError Implementations","type":"symbol"}],"path":"\/documentation\/appcraft_auth_ios\/acautherror\/responseerror","title":"ACAuthError.ResponseError","type":"enum"},{"children":[{"title":"Enumeration Cases","type":"groupMarker"},{"path":"\/documentation\/appcraft_auth_ios\/acautherror\/vkauthenticationerror\/captchaerror(error:)","title":"case captchaError(error: Error)","type":"case"},{"path":"\/documentation\/appcraft_auth_ios\/acautherror\/vkauthenticationerror\/undefined","title":"case undefined","type":"case"},{"title":"Default Implementations","type":"groupMarker"},{"children":[{"title":"Instance Properties","type":"groupMarker"},{"path":"\/documentation\/appcraft_auth_ios\/acautherror\/vkauthenticationerror\/localizeddescription","title":"var localizedDescription: String","type":"property"}],"path":"\/documentation\/appcraft_auth_ios\/acautherror\/vkauthenticationerror\/error-implementations","title":"Error Implementations","type":"symbol"},{"children":[{"title":"Instance Properties","type":"groupMarker"},{"path":"\/documentation\/appcraft_auth_ios\/acautherror\/vkauthenticationerror\/errordescription-4f8ps","title":"var errorDescription: String?","type":"property"},{"path":"\/documentation\/appcraft_auth_ios\/acautherror\/vkauthenticationerror\/errordescription-5qbg5","title":"var errorDescription: String?","type":"property"},{"path":"\/documentation\/appcraft_auth_ios\/acautherror\/vkauthenticationerror\/failurereason","title":"var failureReason: String?","type":"property"},{"path":"\/documentation\/appcraft_auth_ios\/acautherror\/vkauthenticationerror\/helpanchor","title":"var helpAnchor: String?","type":"property"},{"path":"\/documentation\/appcraft_auth_ios\/acautherror\/vkauthenticationerror\/recoverysuggestion","title":"var recoverySuggestion: String?","type":"property"}],"path":"\/documentation\/appcraft_auth_ios\/acautherror\/vkauthenticationerror\/localizederror-implementations","title":"LocalizedError Implementations","type":"symbol"}],"path":"\/documentation\/appcraft_auth_ios\/acautherror\/vkauthenticationerror","title":"ACAuthError.VKAuthenticationError","type":"enum"},{"title":"Default Implementations","type":"groupMarker"},{"children":[{"title":"Instance Properties","type":"groupMarker"},{"path":"\/documentation\/appcraft_auth_ios\/acautherror\/localizeddescription","title":"var localizedDescription: String","type":"property"}],"path":"\/documentation\/appcraft_auth_ios\/acautherror\/error-implementations","title":"Error Implementations","type":"symbol"},{"children":[{"title":"Instance Properties","type":"groupMarker"},{"path":"\/documentation\/appcraft_auth_ios\/acautherror\/errordescription-6dekz","title":"var errorDescription: String?","type":"property"},{"path":"\/documentation\/appcraft_auth_ios\/acautherror\/errordescription-9icpb","title":"var errorDescription: String?","type":"property"},{"path":"\/documentation\/appcraft_auth_ios\/acautherror\/failurereason","title":"var failureReason: String?","type":"property"},{"path":"\/documentation\/appcraft_auth_ios\/acautherror\/helpanchor","title":"var helpAnchor: String?","type":"property"},{"path":"\/documentation\/appcraft_auth_ios\/acautherror\/recoverysuggestion","title":"var recoverySuggestion: String?","type":"property"}],"path":"\/documentation\/appcraft_auth_ios\/acautherror\/localizederror-implementations","title":"LocalizedError Implementations","type":"symbol"}],"path":"\/documentation\/appcraft_auth_ios\/acautherror","title":"ACAuthError","type":"enum"},{"children":[{"title":"Enumeration Cases","type":"groupMarker"},{"path":"\/documentation\/appcraft_auth_ios\/facebookpermissiontype\/agerange","title":"case ageRange","type":"case"},{"path":"\/documentation\/appcraft_auth_ios\/facebookpermissiontype\/birthday","title":"case birthday","type":"case"},{"path":"\/documentation\/appcraft_auth_ios\/facebookpermissiontype\/email","title":"case email","type":"case"},{"path":"\/documentation\/appcraft_auth_ios\/facebookpermissiontype\/gender","title":"case gender","type":"case"},{"path":"\/documentation\/appcraft_auth_ios\/facebookpermissiontype\/link","title":"case link","type":"case"},{"path":"\/documentation\/appcraft_auth_ios\/facebookpermissiontype\/photos","title":"case photos","type":"case"},{"path":"\/documentation\/appcraft_auth_ios\/facebookpermissiontype\/profile","title":"case profile","type":"case"},{"title":"Initializers","type":"groupMarker"},{"path":"\/documentation\/appcraft_auth_ios\/facebookpermissiontype\/init(rawvalue:)","title":"init?(rawValue: String)","type":"init"},{"title":"Default Implementations","type":"groupMarker"},{"children":[{"title":"Operators","type":"groupMarker"},{"path":"\/documentation\/appcraft_auth_ios\/facebookpermissiontype\/!=(_:_:)","title":"static func != (Self, Self) -> Bool","type":"op"}],"path":"\/documentation\/appcraft_auth_ios\/facebookpermissiontype\/equatable-implementations","title":"Equatable Implementations","type":"symbol"},{"children":[{"title":"Instance Properties","type":"groupMarker"},{"path":"\/documentation\/appcraft_auth_ios\/facebookpermissiontype\/hashvalue","title":"var hashValue: Int","type":"property"},{"title":"Instance Methods","type":"groupMarker"},{"path":"\/documentation\/appcraft_auth_ios\/facebookpermissiontype\/hash(into:)","title":"func hash(into: inout Hasher)","type":"method"}],"path":"\/documentation\/appcraft_auth_ios\/facebookpermissiontype\/rawrepresentable-implementations","title":"RawRepresentable Implementations","type":"symbol"}],"path":"\/documentation\/appcraft_auth_ios\/facebookpermissiontype","title":"FacebookPermissionType","type":"enum"},{"children":[{"title":"Enumeration Cases","type":"groupMarker"},{"path":"\/documentation\/appcraft_auth_ios\/googleauthservicerestoresigninstate\/signin(profile:)","title":"case signIn(profile: GoogleProfile?)","type":"case"},{"path":"\/documentation\/appcraft_auth_ios\/googleauthservicerestoresigninstate\/signout(error:)","title":"case signOut(error: Error?)","type":"case"}],"path":"\/documentation\/appcraft_auth_ios\/googleauthservicerestoresigninstate","title":"GoogleAuthServiceRestoreSignInState","type":"enum"}],"path":"\/documentation\/appcraft_auth_ios","title":"appcraft-auth-ios","type":"module"}]},"schemaVersion":{"major":0,"minor":1,"patch":1}}